[{"name":"auth_result","qualifiedName":"auth_result","href":"models_auth_result/models_auth_result-library.html","type":"library","overriddenDepth":0,"packageName":"friendzone_flutter"},{"name":"AuthResult","qualifiedName":"auth_result.AuthResult","href":"models_auth_result/AuthResult-class.html","type":"class","overriddenDepth":0,"packageName":"friendzone_flutter","enclosedBy":{"name":"auth_result","type":"library"}},{"name":"AuthResult","qualifiedName":"auth_result.AuthResult.AuthResult","href":"models_auth_result/AuthResult/AuthResult.html","type":"constructor","overriddenDepth":0,"packageName":"friendzone_flutter","enclosedBy":{"name":"AuthResult","type":"class"}},{"name":"getStatusMessage","qualifiedName":"auth_result.AuthResult.getStatusMessage","href":"models_auth_result/AuthResult/getStatusMessage.html","type":"method","overriddenDepth":0,"packageName":"friendzone_flutter","enclosedBy":{"name":"AuthResult","type":"class"}},{"name":"getUser","qualifiedName":"auth_result.AuthResult.getUser","href":"models_auth_result/AuthResult/getUser.html","type":"method","overriddenDepth":0,"packageName":"friendzone_flutter","enclosedBy":{"name":"AuthResult","type":"class"}},{"name":"setUser","qualifiedName":"auth_result.AuthResult.setUser","href":"models_auth_result/AuthResult/setUser.html","type":"method","overriddenDepth":0,"packageName":"friendzone_flutter","enclosedBy":{"name":"AuthResult","type":"class"}},{"name":"status","qualifiedName":"auth_result.AuthResult.status","href":"models_auth_result/AuthResult/status.html","type":"property","overriddenDepth":0,"packageName":"friendzone_flutter","enclosedBy":{"name":"AuthResult","type":"class"}},{"name":"success","qualifiedName":"auth_result.AuthResult.success","href":"models_auth_result/AuthResult/success.html","type":"method","overriddenDepth":0,"packageName":"friendzone_flutter","enclosedBy":{"name":"AuthResult","type":"class"}},{"name":"token","qualifiedName":"auth_result.AuthResult.token","href":"models_auth_result/AuthResult/token.html","type":"property","overriddenDepth":0,"packageName":"friendzone_flutter","enclosedBy":{"name":"AuthResult","type":"class"}},{"name":"AuthStatus","qualifiedName":"auth_result.AuthStatus","href":"models_auth_result/AuthStatus.html","type":"enum","overriddenDepth":0,"packageName":"friendzone_flutter","enclosedBy":{"name":"auth_result","type":"library"}},{"name":"auth_result_builder","qualifiedName":"auth_result_builder","href":"models_builders_auth_result_builder/models_builders_auth_result_builder-library.html","type":"library","overriddenDepth":0,"packageName":"friendzone_flutter"},{"name":"AuthResultBuilder","qualifiedName":"auth_result_builder.AuthResultBuilder","href":"models_builders_auth_result_builder/AuthResultBuilder-class.html","type":"class","overriddenDepth":0,"packageName":"friendzone_flutter","enclosedBy":{"name":"auth_result_builder","type":"library"}},{"name":"AuthResultBuilder","qualifiedName":"auth_result_builder.AuthResultBuilder.AuthResultBuilder","href":"models_builders_auth_result_builder/AuthResultBuilder/AuthResultBuilder.html","type":"constructor","overriddenDepth":0,"packageName":"friendzone_flutter","enclosedBy":{"name":"AuthResultBuilder","type":"class"}},{"name":"fromJson","qualifiedName":"auth_result_builder.AuthResultBuilder.fromJson","href":"models_builders_auth_result_builder/AuthResultBuilder/fromJson.html","type":"method","overriddenDepth":1,"packageName":"friendzone_flutter","enclosedBy":{"name":"AuthResultBuilder","type":"class"}},{"name":"toJson","qualifiedName":"auth_result_builder.AuthResultBuilder.toJson","href":"models_builders_auth_result_builder/AuthResultBuilder/toJson.html","type":"method","overriddenDepth":1,"packageName":"friendzone_flutter","enclosedBy":{"name":"AuthResultBuilder","type":"class"}},{"name":"comment_builder","qualifiedName":"comment_builder","href":"models_builders_comment_builder/models_builders_comment_builder-library.html","type":"library","overriddenDepth":0,"packageName":"friendzone_flutter"},{"name":"CommentBuilder","qualifiedName":"comment_builder.CommentBuilder","href":"models_builders_comment_builder/CommentBuilder-class.html","type":"class","overriddenDepth":0,"packageName":"friendzone_flutter","enclosedBy":{"name":"comment_builder","type":"library"}},{"name":"CommentBuilder","qualifiedName":"comment_builder.CommentBuilder.CommentBuilder","href":"models_builders_comment_builder/CommentBuilder/CommentBuilder.html","type":"constructor","overriddenDepth":0,"packageName":"friendzone_flutter","enclosedBy":{"name":"CommentBuilder","type":"class"}},{"name":"fromJson","qualifiedName":"comment_builder.CommentBuilder.fromJson","href":"models_builders_comment_builder/CommentBuilder/fromJson.html","type":"method","overriddenDepth":1,"packageName":"friendzone_flutter","enclosedBy":{"name":"CommentBuilder","type":"class"}},{"name":"listFromJson","qualifiedName":"comment_builder.CommentBuilder.listFromJson","href":"models_builders_comment_builder/CommentBuilder/listFromJson.html","type":"method","overriddenDepth":1,"packageName":"friendzone_flutter","enclosedBy":{"name":"CommentBuilder","type":"class"}},{"name":"listToJson","qualifiedName":"comment_builder.CommentBuilder.listToJson","href":"models_builders_comment_builder/CommentBuilder/listToJson.html","type":"method","overriddenDepth":1,"packageName":"friendzone_flutter","enclosedBy":{"name":"CommentBuilder","type":"class"}},{"name":"toJson","qualifiedName":"comment_builder.CommentBuilder.toJson","href":"models_builders_comment_builder/CommentBuilder/toJson.html","type":"method","overriddenDepth":1,"packageName":"friendzone_flutter","enclosedBy":{"name":"CommentBuilder","type":"class"}},{"name":"current_user","qualifiedName":"current_user","href":"models_current_user/models_current_user-library.html","type":"library","overriddenDepth":0,"packageName":"friendzone_flutter"},{"name":"CurrentUser","qualifiedName":"current_user.CurrentUser","href":"models_current_user/CurrentUser-class.html","type":"class","overriddenDepth":0,"packageName":"friendzone_flutter","enclosedBy":{"name":"current_user","type":"library"}},{"name":"CurrentUser","qualifiedName":"current_user.CurrentUser.CurrentUser","href":"models_current_user/CurrentUser/CurrentUser.html","type":"constructor","overriddenDepth":0,"packageName":"friendzone_flutter","enclosedBy":{"name":"CurrentUser","type":"class"}},{"name":"isAdmin","qualifiedName":"current_user.CurrentUser.isAdmin","href":"models_current_user/CurrentUser/isAdmin.html","type":"method","overriddenDepth":0,"packageName":"friendzone_flutter","enclosedBy":{"name":"CurrentUser","type":"class"}},{"name":"makeAdmin","qualifiedName":"current_user.CurrentUser.makeAdmin","href":"models_current_user/CurrentUser/makeAdmin.html","type":"method","overriddenDepth":0,"packageName":"friendzone_flutter","enclosedBy":{"name":"CurrentUser","type":"class"}},{"name":"setToken","qualifiedName":"current_user.CurrentUser.setToken","href":"models_current_user/CurrentUser/setToken.html","type":"method","overriddenDepth":0,"packageName":"friendzone_flutter","enclosedBy":{"name":"CurrentUser","type":"class"}},{"name":"token","qualifiedName":"current_user.CurrentUser.token","href":"models_current_user/CurrentUser/token.html","type":"property","overriddenDepth":0,"packageName":"friendzone_flutter","enclosedBy":{"name":"CurrentUser","type":"class"}},{"name":"current_user_builder","qualifiedName":"current_user_builder","href":"models_builders_current_user_builder/models_builders_current_user_builder-library.html","type":"library","overriddenDepth":0,"packageName":"friendzone_flutter"},{"name":"CurrentUserBuilder","qualifiedName":"current_user_builder.CurrentUserBuilder","href":"models_builders_current_user_builder/CurrentUserBuilder-class.html","type":"class","overriddenDepth":0,"packageName":"friendzone_flutter","enclosedBy":{"name":"current_user_builder","type":"library"}},{"name":"CurrentUserBuilder","qualifiedName":"current_user_builder.CurrentUserBuilder.CurrentUserBuilder","href":"models_builders_current_user_builder/CurrentUserBuilder/CurrentUserBuilder.html","type":"constructor","overriddenDepth":0,"packageName":"friendzone_flutter","enclosedBy":{"name":"CurrentUserBuilder","type":"class"}},{"name":"fromJson","qualifiedName":"current_user_builder.CurrentUserBuilder.fromJson","href":"models_builders_current_user_builder/CurrentUserBuilder/fromJson.html","type":"method","overriddenDepth":1,"packageName":"friendzone_flutter","enclosedBy":{"name":"CurrentUserBuilder","type":"class"}},{"name":"toJson","qualifiedName":"current_user_builder.CurrentUserBuilder.toJson","href":"models_builders_current_user_builder/CurrentUserBuilder/toJson.html","type":"method","overriddenDepth":1,"packageName":"friendzone_flutter","enclosedBy":{"name":"CurrentUserBuilder","type":"class"}},{"name":"event","qualifiedName":"event","href":"models_event/models_event-library.html","type":"library","overriddenDepth":0,"packageName":"friendzone_flutter"},{"name":"Event","qualifiedName":"event.Event","href":"models_event/Event-class.html","type":"class","overriddenDepth":0,"packageName":"friendzone_flutter","enclosedBy":{"name":"event","type":"library"}},{"name":"Event","qualifiedName":"event.Event.Event","href":"models_event/Event/Event.html","type":"constructor","overriddenDepth":0,"packageName":"friendzone_flutter","enclosedBy":{"name":"Event","type":"class"}},{"name":"category","qualifiedName":"event.Event.category","href":"models_event/Event/category.html","type":"property","overriddenDepth":0,"packageName":"friendzone_flutter","enclosedBy":{"name":"Event","type":"class"}},{"name":"dateCreated","qualifiedName":"event.Event.dateCreated","href":"models_event/Event/dateCreated.html","type":"property","overriddenDepth":0,"packageName":"friendzone_flutter","enclosedBy":{"name":"Event","type":"class"}},{"name":"description","qualifiedName":"event.Event.description","href":"models_event/Event/description.html","type":"property","overriddenDepth":0,"packageName":"friendzone_flutter","enclosedBy":{"name":"Event","type":"class"}},{"name":"detailed","qualifiedName":"event.Event.detailed","href":"models_event/Event/detailed.html","type":"method","overriddenDepth":0,"packageName":"friendzone_flutter","enclosedBy":{"name":"Event","type":"class"}},{"name":"id","qualifiedName":"event.Event.id","href":"models_event/Event/id.html","type":"property","overriddenDepth":0,"packageName":"friendzone_flutter","enclosedBy":{"name":"Event","type":"class"}},{"name":"location","qualifiedName":"event.Event.location","href":"models_event/Event/location.html","type":"property","overriddenDepth":0,"packageName":"friendzone_flutter","enclosedBy":{"name":"Event","type":"class"}},{"name":"makeDetailed","qualifiedName":"event.Event.makeDetailed","href":"models_event/Event/makeDetailed.html","type":"method","overriddenDepth":0,"packageName":"friendzone_flutter","enclosedBy":{"name":"Event","type":"class"}},{"name":"reported","qualifiedName":"event.Event.reported","href":"models_event/Event/reported.html","type":"property","overriddenDepth":0,"packageName":"friendzone_flutter","enclosedBy":{"name":"Event","type":"class"}},{"name":"slots","qualifiedName":"event.Event.slots","href":"models_event/Event/slots.html","type":"property","overriddenDepth":0,"packageName":"friendzone_flutter","enclosedBy":{"name":"Event","type":"class"}},{"name":"subCat","qualifiedName":"event.Event.subCat","href":"models_event/Event/subCat.html","type":"property","overriddenDepth":0,"packageName":"friendzone_flutter","enclosedBy":{"name":"Event","type":"class"}},{"name":"time","qualifiedName":"event.Event.time","href":"models_event/Event/time.html","type":"property","overriddenDepth":0,"packageName":"friendzone_flutter","enclosedBy":{"name":"Event","type":"class"}},{"name":"title","qualifiedName":"event.Event.title","href":"models_event/Event/title.html","type":"property","overriddenDepth":0,"packageName":"friendzone_flutter","enclosedBy":{"name":"Event","type":"class"}},{"name":"userEmail","qualifiedName":"event.Event.userEmail","href":"models_event/Event/userEmail.html","type":"property","overriddenDepth":0,"packageName":"friendzone_flutter","enclosedBy":{"name":"Event","type":"class"}},{"name":"event_builder","qualifiedName":"event_builder","href":"models_builders_event_builder/models_builders_event_builder-library.html","type":"library","overriddenDepth":0,"packageName":"friendzone_flutter"},{"name":"EventBuilder","qualifiedName":"event_builder.EventBuilder","href":"models_builders_event_builder/EventBuilder-class.html","type":"class","overriddenDepth":0,"packageName":"friendzone_flutter","enclosedBy":{"name":"event_builder","type":"library"}},{"name":"EventBuilder","qualifiedName":"event_builder.EventBuilder.EventBuilder","href":"models_builders_event_builder/EventBuilder/EventBuilder.html","type":"constructor","overriddenDepth":0,"packageName":"friendzone_flutter","enclosedBy":{"name":"EventBuilder","type":"class"}},{"name":"fromJson","qualifiedName":"event_builder.EventBuilder.fromJson","href":"models_builders_event_builder/EventBuilder/fromJson.html","type":"method","overriddenDepth":1,"packageName":"friendzone_flutter","enclosedBy":{"name":"EventBuilder","type":"class"}},{"name":"listFromJson","qualifiedName":"event_builder.EventBuilder.listFromJson","href":"models_builders_event_builder/EventBuilder/listFromJson.html","type":"method","overriddenDepth":1,"packageName":"friendzone_flutter","enclosedBy":{"name":"EventBuilder","type":"class"}},{"name":"listToJson","qualifiedName":"event_builder.EventBuilder.listToJson","href":"models_builders_event_builder/EventBuilder/listToJson.html","type":"method","overriddenDepth":1,"packageName":"friendzone_flutter","enclosedBy":{"name":"EventBuilder","type":"class"}},{"name":"toJson","qualifiedName":"event_builder.EventBuilder.toJson","href":"models_builders_event_builder/EventBuilder/toJson.html","type":"method","overriddenDepth":1,"packageName":"friendzone_flutter","enclosedBy":{"name":"EventBuilder","type":"class"}},{"name":"event_full_view","qualifiedName":"event_full_view","href":"pages_event_page_event_full_view/pages_event_page_event_full_view-library.html","type":"library","overriddenDepth":0,"packageName":"friendzone_flutter"},{"name":"DetailEventViewPage","qualifiedName":"event_full_view.DetailEventViewPage","href":"pages_event_page_event_full_view/DetailEventViewPage-class.html","type":"class","overriddenDepth":0,"packageName":"friendzone_flutter","enclosedBy":{"name":"event_full_view","type":"library"}},{"name":"DetailEventViewPage","qualifiedName":"event_full_view.DetailEventViewPage.DetailEventViewPage","href":"pages_event_page_event_full_view/DetailEventViewPage/DetailEventViewPage.html","type":"constructor","overriddenDepth":0,"packageName":"friendzone_flutter","enclosedBy":{"name":"DetailEventViewPage","type":"class"}},{"name":"createState","qualifiedName":"event_full_view.DetailEventViewPage.createState","href":"pages_event_page_event_full_view/DetailEventViewPage/createState.html","type":"method","overriddenDepth":1,"packageName":"friendzone_flutter","enclosedBy":{"name":"DetailEventViewPage","type":"class"}},{"name":"data","qualifiedName":"event_full_view.DetailEventViewPage.data","href":"pages_event_page_event_full_view/DetailEventViewPage/data.html","type":"property","overriddenDepth":0,"packageName":"friendzone_flutter","enclosedBy":{"name":"DetailEventViewPage","type":"class"}},{"name":"event_post","qualifiedName":"event_post","href":"pages_event_page_event_post/pages_event_page_event_post-library.html","type":"library","overriddenDepth":0,"packageName":"friendzone_flutter"},{"name":"EventPostPage","qualifiedName":"event_post.EventPostPage","href":"pages_event_page_event_post/EventPostPage-class.html","type":"class","overriddenDepth":0,"packageName":"friendzone_flutter","enclosedBy":{"name":"event_post","type":"library"}},{"name":"EventPostPage","qualifiedName":"event_post.EventPostPage.EventPostPage","href":"pages_event_page_event_post/EventPostPage/EventPostPage.html","type":"constructor","overriddenDepth":0,"packageName":"friendzone_flutter","enclosedBy":{"name":"EventPostPage","type":"class"}},{"name":"click","qualifiedName":"event_post.EventPostPage.click","href":"pages_event_page_event_post/EventPostPage/click.html","type":"method","overriddenDepth":0,"packageName":"friendzone_flutter","enclosedBy":{"name":"EventPostPage","type":"class"}},{"name":"createState","qualifiedName":"event_post.EventPostPage.createState","href":"pages_event_page_event_post/EventPostPage/createState.html","type":"method","overriddenDepth":1,"packageName":"friendzone_flutter","enclosedBy":{"name":"EventPostPage","type":"class"}},{"name":"editable","qualifiedName":"event_post.EventPostPage.editable","href":"pages_event_page_event_post/EventPostPage/editable.html","type":"property","overriddenDepth":0,"packageName":"friendzone_flutter","enclosedBy":{"name":"EventPostPage","type":"class"}},{"name":"event","qualifiedName":"event_post.EventPostPage.event","href":"pages_event_page_event_post/EventPostPage/event.html","type":"property","overriddenDepth":0,"packageName":"friendzone_flutter","enclosedBy":{"name":"EventPostPage","type":"class"}},{"name":"routeName","qualifiedName":"event_post.EventPostPage.routeName","href":"pages_event_page_event_post/EventPostPage/routeName-constant.html","type":"constant","overriddenDepth":0,"packageName":"friendzone_flutter","enclosedBy":{"name":"EventPostPage","type":"class"}},{"name":"EventPostPageState","qualifiedName":"event_post.EventPostPageState","href":"pages_event_page_event_post/EventPostPageState-class.html","type":"class","overriddenDepth":0,"packageName":"friendzone_flutter","enclosedBy":{"name":"event_post","type":"library"}},{"name":"EventPostPageState","qualifiedName":"event_post.EventPostPageState.EventPostPageState","href":"pages_event_page_event_post/EventPostPageState/EventPostPageState.html","type":"constructor","overriddenDepth":0,"packageName":"friendzone_flutter","enclosedBy":{"name":"EventPostPageState","type":"class"}},{"name":"academicsubcat","qualifiedName":"event_post.EventPostPageState.academicsubcat","href":"pages_event_page_event_post/EventPostPageState/academicsubcat.html","type":"property","overriddenDepth":0,"packageName":"friendzone_flutter","enclosedBy":{"name":"EventPostPageState","type":"class"}},{"name":"activesubcat","qualifiedName":"event_post.EventPostPageState.activesubcat","href":"pages_event_page_event_post/EventPostPageState/activesubcat.html","type":"property","overriddenDepth":0,"packageName":"friendzone_flutter","enclosedBy":{"name":"EventPostPageState","type":"class"}},{"name":"build","qualifiedName":"event_post.EventPostPageState.build","href":"pages_event_page_event_post/EventPostPageState/build.html","type":"method","overriddenDepth":1,"packageName":"friendzone_flutter","enclosedBy":{"name":"EventPostPageState","type":"class"}},{"name":"carpoolsubcat","qualifiedName":"event_post.EventPostPageState.carpoolsubcat","href":"pages_event_page_event_post/EventPostPageState/carpoolsubcat.html","type":"property","overriddenDepth":0,"packageName":"friendzone_flutter","enclosedBy":{"name":"EventPostPageState","type":"class"}},{"name":"creativeSubcat","qualifiedName":"event_post.EventPostPageState.creativeSubcat","href":"pages_event_page_event_post/EventPostPageState/creativeSubcat.html","type":"property","overriddenDepth":0,"packageName":"friendzone_flutter","enclosedBy":{"name":"EventPostPageState","type":"class"}},{"name":"filter","qualifiedName":"event_post.EventPostPageState.filter","href":"pages_event_page_event_post/EventPostPageState/filter.html","type":"property","overriddenDepth":0,"packageName":"friendzone_flutter","enclosedBy":{"name":"EventPostPageState","type":"class"}},{"name":"gamingSubcat","qualifiedName":"event_post.EventPostPageState.gamingSubcat","href":"pages_event_page_event_post/EventPostPageState/gamingSubcat.html","type":"property","overriddenDepth":0,"packageName":"friendzone_flutter","enclosedBy":{"name":"EventPostPageState","type":"class"}},{"name":"generalcat","qualifiedName":"event_post.EventPostPageState.generalcat","href":"pages_event_page_event_post/EventPostPageState/generalcat.html","type":"property","overriddenDepth":0,"packageName":"friendzone_flutter","enclosedBy":{"name":"EventPostPageState","type":"class"}},{"name":"initState","qualifiedName":"event_post.EventPostPageState.initState","href":"pages_event_page_event_post/EventPostPageState/initState.html","type":"method","overriddenDepth":1,"packageName":"friendzone_flutter","enclosedBy":{"name":"EventPostPageState","type":"class"}},{"name":"onChangedCallback","qualifiedName":"event_post.EventPostPageState.onChangedCallback","href":"pages_event_page_event_post/EventPostPageState/onChangedCallback.html","type":"method","overriddenDepth":0,"packageName":"friendzone_flutter","enclosedBy":{"name":"EventPostPageState","type":"class"}},{"name":"selectCat","qualifiedName":"event_post.EventPostPageState.selectCat","href":"pages_event_page_event_post/EventPostPageState/selectCat.html","type":"property","overriddenDepth":0,"packageName":"friendzone_flutter","enclosedBy":{"name":"EventPostPageState","type":"class"}},{"name":"selectSubCat","qualifiedName":"event_post.EventPostPageState.selectSubCat","href":"pages_event_page_event_post/EventPostPageState/selectSubCat.html","type":"property","overriddenDepth":0,"packageName":"friendzone_flutter","enclosedBy":{"name":"EventPostPageState","type":"class"}},{"name":"subcat","qualifiedName":"event_post.EventPostPageState.subcat","href":"pages_event_page_event_post/EventPostPageState/subcat.html","type":"property","overriddenDepth":0,"packageName":"friendzone_flutter","enclosedBy":{"name":"EventPostPageState","type":"class"}},{"name":"volunteerSubcat","qualifiedName":"event_post.EventPostPageState.volunteerSubcat","href":"pages_event_page_event_post/EventPostPageState/volunteerSubcat.html","type":"property","overriddenDepth":0,"packageName":"friendzone_flutter","enclosedBy":{"name":"EventPostPageState","type":"class"}},{"name":"event_viewing","qualifiedName":"event_viewing","href":"pages_event_page_event_viewing/pages_event_page_event_viewing-library.html","type":"library","overriddenDepth":0,"packageName":"friendzone_flutter"},{"name":"EventViewAllPage","qualifiedName":"event_viewing.EventViewAllPage","href":"pages_event_page_event_viewing/EventViewAllPage-class.html","type":"class","overriddenDepth":0,"packageName":"friendzone_flutter","enclosedBy":{"name":"event_viewing","type":"library"}},{"name":"EventViewAllPage","qualifiedName":"event_viewing.EventViewAllPage.EventViewAllPage","href":"pages_event_page_event_viewing/EventViewAllPage/EventViewAllPage.html","type":"constructor","overriddenDepth":0,"packageName":"friendzone_flutter","enclosedBy":{"name":"EventViewAllPage","type":"class"}},{"name":"createState","qualifiedName":"event_viewing.EventViewAllPage.createState","href":"pages_event_page_event_viewing/EventViewAllPage/createState.html","type":"method","overriddenDepth":1,"packageName":"friendzone_flutter","enclosedBy":{"name":"EventViewAllPage","type":"class"}},{"name":"foreign_user","qualifiedName":"foreign_user","href":"models_foreign_user/models_foreign_user-library.html","type":"library","overriddenDepth":0,"packageName":"friendzone_flutter"},{"name":"ForeignUser","qualifiedName":"foreign_user.ForeignUser","href":"models_foreign_user/ForeignUser-class.html","type":"class","overriddenDepth":0,"packageName":"friendzone_flutter","enclosedBy":{"name":"foreign_user","type":"library"}},{"name":"ForeignUser","qualifiedName":"foreign_user.ForeignUser.ForeignUser","href":"models_foreign_user/ForeignUser/ForeignUser.html","type":"constructor","overriddenDepth":0,"packageName":"friendzone_flutter","enclosedBy":{"name":"ForeignUser","type":"class"}},{"name":"contact","qualifiedName":"foreign_user.ForeignUser.contact","href":"models_foreign_user/ForeignUser/contact.html","type":"property","overriddenDepth":0,"packageName":"friendzone_flutter","enclosedBy":{"name":"ForeignUser","type":"class"}},{"name":"email","qualifiedName":"foreign_user.ForeignUser.email","href":"models_foreign_user/ForeignUser/email.html","type":"property","overriddenDepth":0,"packageName":"friendzone_flutter","enclosedBy":{"name":"ForeignUser","type":"class"}},{"name":"introduction","qualifiedName":"foreign_user.ForeignUser.introduction","href":"models_foreign_user/ForeignUser/introduction.html","type":"property","overriddenDepth":0,"packageName":"friendzone_flutter","enclosedBy":{"name":"ForeignUser","type":"class"}},{"name":"name","qualifiedName":"foreign_user.ForeignUser.name","href":"models_foreign_user/ForeignUser/name.html","type":"property","overriddenDepth":0,"packageName":"friendzone_flutter","enclosedBy":{"name":"ForeignUser","type":"class"}},{"name":"foreign_user_builder","qualifiedName":"foreign_user_builder","href":"models_builders_foreign_user_builder/models_builders_foreign_user_builder-library.html","type":"library","overriddenDepth":0,"packageName":"friendzone_flutter"},{"name":"ForeignUserBuilder","qualifiedName":"foreign_user_builder.ForeignUserBuilder","href":"models_builders_foreign_user_builder/ForeignUserBuilder-class.html","type":"class","overriddenDepth":0,"packageName":"friendzone_flutter","enclosedBy":{"name":"foreign_user_builder","type":"library"}},{"name":"ForeignUserBuilder","qualifiedName":"foreign_user_builder.ForeignUserBuilder.ForeignUserBuilder","href":"models_builders_foreign_user_builder/ForeignUserBuilder/ForeignUserBuilder.html","type":"constructor","overriddenDepth":0,"packageName":"friendzone_flutter","enclosedBy":{"name":"ForeignUserBuilder","type":"class"}},{"name":"fromJson","qualifiedName":"foreign_user_builder.ForeignUserBuilder.fromJson","href":"models_builders_foreign_user_builder/ForeignUserBuilder/fromJson.html","type":"method","overriddenDepth":1,"packageName":"friendzone_flutter","enclosedBy":{"name":"ForeignUserBuilder","type":"class"}},{"name":"listFromJson","qualifiedName":"foreign_user_builder.ForeignUserBuilder.listFromJson","href":"models_builders_foreign_user_builder/ForeignUserBuilder/listFromJson.html","type":"method","overriddenDepth":1,"packageName":"friendzone_flutter","enclosedBy":{"name":"ForeignUserBuilder","type":"class"}},{"name":"listToJson","qualifiedName":"foreign_user_builder.ForeignUserBuilder.listToJson","href":"models_builders_foreign_user_builder/ForeignUserBuilder/listToJson.html","type":"method","overriddenDepth":1,"packageName":"friendzone_flutter","enclosedBy":{"name":"ForeignUserBuilder","type":"class"}},{"name":"toJson","qualifiedName":"foreign_user_builder.ForeignUserBuilder.toJson","href":"models_builders_foreign_user_builder/ForeignUserBuilder/toJson.html","type":"method","overriddenDepth":1,"packageName":"friendzone_flutter","enclosedBy":{"name":"ForeignUserBuilder","type":"class"}},{"name":"friendzone_exceptions","qualifiedName":"friendzone_exceptions","href":"db_comm_friendzone_exceptions/db_comm_friendzone_exceptions-library.html","type":"library","overriddenDepth":0,"packageName":"friendzone_flutter"},{"name":"PHPException","qualifiedName":"friendzone_exceptions.PHPException","href":"db_comm_friendzone_exceptions/PHPException-class.html","type":"class","overriddenDepth":0,"packageName":"friendzone_flutter","enclosedBy":{"name":"friendzone_exceptions","type":"library"}},{"name":"PHPException","qualifiedName":"friendzone_exceptions.PHPException.PHPException","href":"db_comm_friendzone_exceptions/PHPException/PHPException.html","type":"constructor","overriddenDepth":0,"packageName":"friendzone_flutter","enclosedBy":{"name":"PHPException","type":"class"}},{"name":"message","qualifiedName":"friendzone_exceptions.PHPException.message","href":"db_comm_friendzone_exceptions/PHPException/message.html","type":"property","overriddenDepth":0,"packageName":"friendzone_flutter","enclosedBy":{"name":"PHPException","type":"class"}},{"name":"toString","qualifiedName":"friendzone_exceptions.PHPException.toString","href":"db_comm_friendzone_exceptions/PHPException/toString.html","type":"method","overriddenDepth":1,"packageName":"friendzone_flutter","enclosedBy":{"name":"PHPException","type":"class"}},{"name":"TokenException","qualifiedName":"friendzone_exceptions.TokenException","href":"db_comm_friendzone_exceptions/TokenException-class.html","type":"class","overriddenDepth":0,"packageName":"friendzone_flutter","enclosedBy":{"name":"friendzone_exceptions","type":"library"}},{"name":"TokenException","qualifiedName":"friendzone_exceptions.TokenException.TokenException","href":"db_comm_friendzone_exceptions/TokenException/TokenException.html","type":"constructor","overriddenDepth":0,"packageName":"friendzone_flutter","enclosedBy":{"name":"TokenException","type":"class"}},{"name":"friendzone_flutter.globals","qualifiedName":"friendzone_flutter.globals","href":"friendzone_flutter.globals/friendzone_flutter.globals-library.html","type":"library","overriddenDepth":0,"packageName":"friendzone_flutter"},{"name":"activeUser","qualifiedName":"friendzone_flutter.globals.activeUser","href":"friendzone_flutter.globals/activeUser.html","type":"top-level property","overriddenDepth":0,"packageName":"friendzone_flutter","enclosedBy":{"name":"friendzone_flutter.globals","type":"library"}},{"name":"friendzoneYellow","qualifiedName":"friendzone_flutter.globals.friendzoneYellow","href":"friendzone_flutter.globals/friendzoneYellow-constant.html","type":"top-level constant","overriddenDepth":0,"packageName":"friendzone_flutter","enclosedBy":{"name":"friendzone_flutter.globals","type":"library"}},{"name":"makeSnackbar","qualifiedName":"friendzone_flutter.globals.makeSnackbar","href":"friendzone_flutter.globals/makeSnackbar.html","type":"function","overriddenDepth":0,"packageName":"friendzone_flutter","enclosedBy":{"name":"friendzone_flutter.globals","type":"library"}},{"name":"unifiedErrorCatch","qualifiedName":"friendzone_flutter.globals.unifiedErrorCatch","href":"friendzone_flutter.globals/unifiedErrorCatch.html","type":"function","overriddenDepth":0,"packageName":"friendzone_flutter","enclosedBy":{"name":"friendzone_flutter.globals","type":"library"}},{"name":"global_header","qualifiedName":"global_header","href":"global_header/global_header-library.html","type":"library","overriddenDepth":0,"packageName":"friendzone_flutter"},{"name":"CustomDrawer","qualifiedName":"global_header.CustomDrawer","href":"global_header/CustomDrawer-class.html","type":"class","overriddenDepth":0,"packageName":"friendzone_flutter","enclosedBy":{"name":"global_header","type":"library"}},{"name":"CustomDrawer","qualifiedName":"global_header.CustomDrawer.CustomDrawer","href":"global_header/CustomDrawer/CustomDrawer.html","type":"constructor","overriddenDepth":0,"packageName":"friendzone_flutter","enclosedBy":{"name":"CustomDrawer","type":"class"}},{"name":"build","qualifiedName":"global_header.CustomDrawer.build","href":"global_header/CustomDrawer/build.html","type":"method","overriddenDepth":1,"packageName":"friendzone_flutter","enclosedBy":{"name":"CustomDrawer","type":"class"}},{"name":"Header","qualifiedName":"global_header.Header","href":"global_header/Header-class.html","type":"class","overriddenDepth":0,"packageName":"friendzone_flutter","enclosedBy":{"name":"global_header","type":"library"}},{"name":"Header","qualifiedName":"global_header.Header.Header","href":"global_header/Header/Header.html","type":"constructor","overriddenDepth":0,"packageName":"friendzone_flutter","enclosedBy":{"name":"Header","type":"class"}},{"name":"createState","qualifiedName":"global_header.Header.createState","href":"global_header/Header/createState.html","type":"method","overriddenDepth":1,"packageName":"friendzone_flutter","enclosedBy":{"name":"Header","type":"class"}},{"name":"preferredSize","qualifiedName":"global_header.Header.preferredSize","href":"global_header/Header/preferredSize.html","type":"property","overriddenDepth":0,"packageName":"friendzone_flutter","enclosedBy":{"name":"Header","type":"class"}},{"name":"json_builder","qualifiedName":"json_builder","href":"models_builders_json_builder/models_builders_json_builder-library.html","type":"library","overriddenDepth":0,"packageName":"friendzone_flutter"},{"name":"JsonBuilder","qualifiedName":"json_builder.JsonBuilder","href":"models_builders_json_builder/JsonBuilder-class.html","type":"class","overriddenDepth":0,"packageName":"friendzone_flutter","enclosedBy":{"name":"json_builder","type":"library"}},{"name":"JsonBuilder","qualifiedName":"json_builder.JsonBuilder.JsonBuilder","href":"models_builders_json_builder/JsonBuilder/JsonBuilder.html","type":"constructor","overriddenDepth":0,"packageName":"friendzone_flutter","enclosedBy":{"name":"JsonBuilder","type":"class"}},{"name":"fromJson","qualifiedName":"json_builder.JsonBuilder.fromJson","href":"models_builders_json_builder/JsonBuilder/fromJson.html","type":"method","overriddenDepth":0,"packageName":"friendzone_flutter","enclosedBy":{"name":"JsonBuilder","type":"class"}},{"name":"toJson","qualifiedName":"json_builder.JsonBuilder.toJson","href":"models_builders_json_builder/JsonBuilder/toJson.html","type":"method","overriddenDepth":0,"packageName":"friendzone_flutter","enclosedBy":{"name":"JsonBuilder","type":"class"}},{"name":"json_list_builder","qualifiedName":"json_list_builder","href":"models_builders_json_list_builder/models_builders_json_list_builder-library.html","type":"library","overriddenDepth":0,"packageName":"friendzone_flutter"},{"name":"JsonListBuilder","qualifiedName":"json_list_builder.JsonListBuilder","href":"models_builders_json_list_builder/JsonListBuilder-class.html","type":"class","overriddenDepth":0,"packageName":"friendzone_flutter","enclosedBy":{"name":"json_list_builder","type":"library"}},{"name":"JsonListBuilder","qualifiedName":"json_list_builder.JsonListBuilder.JsonListBuilder","href":"models_builders_json_list_builder/JsonListBuilder/JsonListBuilder.html","type":"constructor","overriddenDepth":0,"packageName":"friendzone_flutter","enclosedBy":{"name":"JsonListBuilder","type":"class"}},{"name":"listFromJson","qualifiedName":"json_list_builder.JsonListBuilder.listFromJson","href":"models_builders_json_list_builder/JsonListBuilder/listFromJson.html","type":"method","overriddenDepth":0,"packageName":"friendzone_flutter","enclosedBy":{"name":"JsonListBuilder","type":"class"}},{"name":"listToJson","qualifiedName":"json_list_builder.JsonListBuilder.listToJson","href":"models_builders_json_list_builder/JsonListBuilder/listToJson.html","type":"method","overriddenDepth":0,"packageName":"friendzone_flutter","enclosedBy":{"name":"JsonListBuilder","type":"class"}},{"name":"login","qualifiedName":"login","href":"pages_login_page_login/pages_login_page_login-library.html","type":"library","overriddenDepth":0,"packageName":"friendzone_flutter"},{"name":"LoginPage","qualifiedName":"login.LoginPage","href":"pages_login_page_login/LoginPage-class.html","type":"class","overriddenDepth":0,"packageName":"friendzone_flutter","enclosedBy":{"name":"login","type":"library"}},{"name":"LoginPage","qualifiedName":"login.LoginPage.LoginPage","href":"pages_login_page_login/LoginPage/LoginPage.html","type":"constructor","overriddenDepth":0,"packageName":"friendzone_flutter","enclosedBy":{"name":"LoginPage","type":"class"}},{"name":"createState","qualifiedName":"login.LoginPage.createState","href":"pages_login_page_login/LoginPage/createState.html","type":"method","overriddenDepth":1,"packageName":"friendzone_flutter","enclosedBy":{"name":"LoginPage","type":"class"}},{"name":"tokenLogout","qualifiedName":"login.LoginPage.tokenLogout","href":"pages_login_page_login/LoginPage/tokenLogout.html","type":"property","overriddenDepth":0,"packageName":"friendzone_flutter","enclosedBy":{"name":"LoginPage","type":"class"}},{"name":"main","qualifiedName":"main","href":"main/main-library.html","type":"library","overriddenDepth":0,"packageName":"friendzone_flutter"},{"name":"main","qualifiedName":"main.main","href":"main/main.html","type":"function","overriddenDepth":0,"packageName":"friendzone_flutter","enclosedBy":{"name":"main","type":"library"}},{"name":"make_post_request","qualifiedName":"make_post_request","href":"db_comm_make_post_request/db_comm_make_post_request-library.html","type":"library","overriddenDepth":0,"packageName":"friendzone_flutter"},{"name":"PHPFunction","qualifiedName":"make_post_request.PHPFunction","href":"db_comm_make_post_request/PHPFunction.html","type":"enum","overriddenDepth":0,"packageName":"friendzone_flutter","enclosedBy":{"name":"make_post_request","type":"library"}},{"name":"badTokenCode","qualifiedName":"make_post_request.badTokenCode","href":"db_comm_make_post_request/badTokenCode-constant.html","type":"top-level constant","overriddenDepth":0,"packageName":"friendzone_flutter","enclosedBy":{"name":"make_post_request","type":"library"}},{"name":"makeListPostRequest","qualifiedName":"make_post_request.makeListPostRequest","href":"db_comm_make_post_request/makeListPostRequest.html","type":"function","overriddenDepth":0,"packageName":"friendzone_flutter","enclosedBy":{"name":"make_post_request","type":"library"}},{"name":"makePostRequest","qualifiedName":"make_post_request.makePostRequest","href":"db_comm_make_post_request/makePostRequest.html","type":"function","overriddenDepth":0,"packageName":"friendzone_flutter","enclosedBy":{"name":"make_post_request","type":"library"}},{"name":"makeVoidPostRequest","qualifiedName":"make_post_request.makeVoidPostRequest","href":"db_comm_make_post_request/makeVoidPostRequest.html","type":"function","overriddenDepth":0,"packageName":"friendzone_flutter","enclosedBy":{"name":"make_post_request","type":"library"}},{"name":"phpInternalErrorCode","qualifiedName":"make_post_request.phpInternalErrorCode","href":"db_comm_make_post_request/phpInternalErrorCode-constant.html","type":"top-level constant","overriddenDepth":0,"packageName":"friendzone_flutter","enclosedBy":{"name":"make_post_request","type":"library"}},{"name":"phpSuccessCode","qualifiedName":"make_post_request.phpSuccessCode","href":"db_comm_make_post_request/phpSuccessCode-constant.html","type":"top-level constant","overriddenDepth":0,"packageName":"friendzone_flutter","enclosedBy":{"name":"make_post_request","type":"library"}},{"name":"postPath","qualifiedName":"make_post_request.postPath","href":"db_comm_make_post_request/postPath-constant.html","type":"top-level constant","overriddenDepth":0,"packageName":"friendzone_flutter","enclosedBy":{"name":"make_post_request","type":"library"}},{"name":"modules","qualifiedName":"modules","href":"pages_modules/pages_modules-library.html","type":"library","overriddenDepth":0,"packageName":"friendzone_flutter"},{"name":"MySearchDelegate","qualifiedName":"modules.MySearchDelegate","href":"pages_modules/MySearchDelegate-class.html","type":"class","overriddenDepth":0,"packageName":"friendzone_flutter","enclosedBy":{"name":"modules","type":"library"}},{"name":"EventList","qualifiedName":"modules.MySearchDelegate.EventList","href":"pages_modules/MySearchDelegate/EventList.html","type":"property","overriddenDepth":0,"packageName":"friendzone_flutter","enclosedBy":{"name":"MySearchDelegate","type":"class"}},{"name":"MySearchDelegate","qualifiedName":"modules.MySearchDelegate.MySearchDelegate","href":"pages_modules/MySearchDelegate/MySearchDelegate.html","type":"constructor","overriddenDepth":0,"packageName":"friendzone_flutter","enclosedBy":{"name":"MySearchDelegate","type":"class"}},{"name":"buildActions","qualifiedName":"modules.MySearchDelegate.buildActions","href":"pages_modules/MySearchDelegate/buildActions.html","type":"method","overriddenDepth":1,"packageName":"friendzone_flutter","enclosedBy":{"name":"MySearchDelegate","type":"class"}},{"name":"buildLeading","qualifiedName":"modules.MySearchDelegate.buildLeading","href":"pages_modules/MySearchDelegate/buildLeading.html","type":"method","overriddenDepth":1,"packageName":"friendzone_flutter","enclosedBy":{"name":"MySearchDelegate","type":"class"}},{"name":"buildResults","qualifiedName":"modules.MySearchDelegate.buildResults","href":"pages_modules/MySearchDelegate/buildResults.html","type":"method","overriddenDepth":1,"packageName":"friendzone_flutter","enclosedBy":{"name":"MySearchDelegate","type":"class"}},{"name":"buildSuggestionSuccess","qualifiedName":"modules.MySearchDelegate.buildSuggestionSuccess","href":"pages_modules/MySearchDelegate/buildSuggestionSuccess.html","type":"method","overriddenDepth":0,"packageName":"friendzone_flutter","enclosedBy":{"name":"MySearchDelegate","type":"class"}},{"name":"buildSuggestions","qualifiedName":"modules.MySearchDelegate.buildSuggestions","href":"pages_modules/MySearchDelegate/buildSuggestions.html","type":"method","overriddenDepth":1,"packageName":"friendzone_flutter","enclosedBy":{"name":"MySearchDelegate","type":"class"}},{"name":"remaining","qualifiedName":"modules.MySearchDelegate.remaining","href":"pages_modules/MySearchDelegate/remaining.html","type":"property","overriddenDepth":0,"packageName":"friendzone_flutter","enclosedBy":{"name":"MySearchDelegate","type":"class"}},{"name":"customIcons","qualifiedName":"modules.customIcons","href":"pages_modules/customIcons.html","type":"function","overriddenDepth":0,"packageName":"friendzone_flutter","enclosedBy":{"name":"modules","type":"library"}},{"name":"notification","qualifiedName":"notification","href":"models_notification/models_notification-library.html","type":"library","overriddenDepth":0,"packageName":"friendzone_flutter"},{"name":"Notification","qualifiedName":"notification.Notification","href":"models_notification/Notification-class.html","type":"class","overriddenDepth":0,"packageName":"friendzone_flutter","enclosedBy":{"name":"notification","type":"library"}},{"name":"Notification","qualifiedName":"notification.Notification.Notification","href":"models_notification/Notification/Notification.html","type":"constructor","overriddenDepth":0,"packageName":"friendzone_flutter","enclosedBy":{"name":"Notification","type":"class"}},{"name":"comment","qualifiedName":"notification.Notification.comment","href":"models_notification/Notification/comment.html","type":"property","overriddenDepth":0,"packageName":"friendzone_flutter","enclosedBy":{"name":"Notification","type":"class"}},{"name":"eventTitle","qualifiedName":"notification.Notification.eventTitle","href":"models_notification/Notification/eventTitle.html","type":"property","overriddenDepth":0,"packageName":"friendzone_flutter","enclosedBy":{"name":"Notification","type":"class"}},{"name":"id","qualifiedName":"notification.Notification.id","href":"models_notification/Notification/id.html","type":"property","overriddenDepth":0,"packageName":"friendzone_flutter","enclosedBy":{"name":"Notification","type":"class"}},{"name":"seen","qualifiedName":"notification.Notification.seen","href":"models_notification/Notification/seen.html","type":"property","overriddenDepth":0,"packageName":"friendzone_flutter","enclosedBy":{"name":"Notification","type":"class"}},{"name":"text","qualifiedName":"notification.Notification.text","href":"models_notification/Notification/text.html","type":"property","overriddenDepth":0,"packageName":"friendzone_flutter","enclosedBy":{"name":"Notification","type":"class"}},{"name":"time","qualifiedName":"notification.Notification.time","href":"models_notification/Notification/time.html","type":"property","overriddenDepth":0,"packageName":"friendzone_flutter","enclosedBy":{"name":"Notification","type":"class"}},{"name":"type","qualifiedName":"notification.Notification.type","href":"models_notification/Notification/type.html","type":"property","overriddenDepth":0,"packageName":"friendzone_flutter","enclosedBy":{"name":"Notification","type":"class"}},{"name":"userEmail","qualifiedName":"notification.Notification.userEmail","href":"models_notification/Notification/userEmail.html","type":"property","overriddenDepth":0,"packageName":"friendzone_flutter","enclosedBy":{"name":"Notification","type":"class"}},{"name":"NotificationType","qualifiedName":"notification.NotificationType","href":"models_notification/NotificationType.html","type":"enum","overriddenDepth":0,"packageName":"friendzone_flutter","enclosedBy":{"name":"notification","type":"library"}},{"name":"notification_builder","qualifiedName":"notification_builder","href":"models_builders_notification_builder/models_builders_notification_builder-library.html","type":"library","overriddenDepth":0,"packageName":"friendzone_flutter"},{"name":"NotificationBuilder","qualifiedName":"notification_builder.NotificationBuilder","href":"models_builders_notification_builder/NotificationBuilder-class.html","type":"class","overriddenDepth":0,"packageName":"friendzone_flutter","enclosedBy":{"name":"notification_builder","type":"library"}},{"name":"NotificationBuilder","qualifiedName":"notification_builder.NotificationBuilder.NotificationBuilder","href":"models_builders_notification_builder/NotificationBuilder/NotificationBuilder.html","type":"constructor","overriddenDepth":0,"packageName":"friendzone_flutter","enclosedBy":{"name":"NotificationBuilder","type":"class"}},{"name":"fromJson","qualifiedName":"notification_builder.NotificationBuilder.fromJson","href":"models_builders_notification_builder/NotificationBuilder/fromJson.html","type":"method","overriddenDepth":1,"packageName":"friendzone_flutter","enclosedBy":{"name":"NotificationBuilder","type":"class"}},{"name":"listFromJson","qualifiedName":"notification_builder.NotificationBuilder.listFromJson","href":"models_builders_notification_builder/NotificationBuilder/listFromJson.html","type":"method","overriddenDepth":1,"packageName":"friendzone_flutter","enclosedBy":{"name":"NotificationBuilder","type":"class"}},{"name":"listToJson","qualifiedName":"notification_builder.NotificationBuilder.listToJson","href":"models_builders_notification_builder/NotificationBuilder/listToJson.html","type":"method","overriddenDepth":1,"packageName":"friendzone_flutter","enclosedBy":{"name":"NotificationBuilder","type":"class"}},{"name":"toJson","qualifiedName":"notification_builder.NotificationBuilder.toJson","href":"models_builders_notification_builder/NotificationBuilder/toJson.html","type":"method","overriddenDepth":1,"packageName":"friendzone_flutter","enclosedBy":{"name":"NotificationBuilder","type":"class"}},{"name":"notification_page","qualifiedName":"notification_page","href":"pages_notfication_page_notification_page/pages_notfication_page_notification_page-library.html","type":"library","overriddenDepth":0,"packageName":"friendzone_flutter"},{"name":"ViewNotfication","qualifiedName":"notification_page.ViewNotfication","href":"pages_notfication_page_notification_page/ViewNotfication-class.html","type":"class","overriddenDepth":0,"packageName":"friendzone_flutter","enclosedBy":{"name":"notification_page","type":"library"}},{"name":"ViewNotfication","qualifiedName":"notification_page.ViewNotfication.ViewNotfication","href":"pages_notfication_page_notification_page/ViewNotfication/ViewNotfication.html","type":"constructor","overriddenDepth":0,"packageName":"friendzone_flutter","enclosedBy":{"name":"ViewNotfication","type":"class"}},{"name":"createState","qualifiedName":"notification_page.ViewNotfication.createState","href":"pages_notfication_page_notification_page/ViewNotfication/createState.html","type":"method","overriddenDepth":1,"packageName":"friendzone_flutter","enclosedBy":{"name":"ViewNotfication","type":"class"}},{"name":"post_request_functions","qualifiedName":"post_request_functions","href":"db_comm_post_request_functions/db_comm_post_request_functions-library.html","type":"library","overriddenDepth":0,"packageName":"friendzone_flutter"},{"name":"authenticate","qualifiedName":"post_request_functions.authenticate","href":"db_comm_post_request_functions/authenticate.html","type":"function","overriddenDepth":0,"packageName":"friendzone_flutter","enclosedBy":{"name":"post_request_functions","type":"library"}},{"name":"createEvent","qualifiedName":"post_request_functions.createEvent","href":"db_comm_post_request_functions/createEvent.html","type":"function","overriddenDepth":0,"packageName":"friendzone_flutter","enclosedBy":{"name":"post_request_functions","type":"library"}},{"name":"deleteEvent","qualifiedName":"post_request_functions.deleteEvent","href":"db_comm_post_request_functions/deleteEvent.html","type":"function","overriddenDepth":0,"packageName":"friendzone_flutter","enclosedBy":{"name":"post_request_functions","type":"library"}},{"name":"getAllEvents","qualifiedName":"post_request_functions.getAllEvents","href":"db_comm_post_request_functions/getAllEvents.html","type":"function","overriddenDepth":0,"packageName":"friendzone_flutter","enclosedBy":{"name":"post_request_functions","type":"library"}},{"name":"getAllReportedEvents","qualifiedName":"post_request_functions.getAllReportedEvents","href":"db_comm_post_request_functions/getAllReportedEvents.html","type":"function","overriddenDepth":0,"packageName":"friendzone_flutter","enclosedBy":{"name":"post_request_functions","type":"library"}},{"name":"getDetailedEvent","qualifiedName":"post_request_functions.getDetailedEvent","href":"db_comm_post_request_functions/getDetailedEvent.html","type":"function","overriddenDepth":0,"packageName":"friendzone_flutter","enclosedBy":{"name":"post_request_functions","type":"library"}},{"name":"getForeignUser","qualifiedName":"post_request_functions.getForeignUser","href":"db_comm_post_request_functions/getForeignUser.html","type":"function","overriddenDepth":0,"packageName":"friendzone_flutter","enclosedBy":{"name":"post_request_functions","type":"library"}},{"name":"getJoinedEvents","qualifiedName":"post_request_functions.getJoinedEvents","href":"db_comm_post_request_functions/getJoinedEvents.html","type":"function","overriddenDepth":0,"packageName":"friendzone_flutter","enclosedBy":{"name":"post_request_functions","type":"library"}},{"name":"getMyEvents","qualifiedName":"post_request_functions.getMyEvents","href":"db_comm_post_request_functions/getMyEvents.html","type":"function","overriddenDepth":0,"packageName":"friendzone_flutter","enclosedBy":{"name":"post_request_functions","type":"library"}},{"name":"getNotifications","qualifiedName":"post_request_functions.getNotifications","href":"db_comm_post_request_functions/getNotifications.html","type":"function","overriddenDepth":0,"packageName":"friendzone_flutter","enclosedBy":{"name":"post_request_functions","type":"library"}},{"name":"getReportedComments","qualifiedName":"post_request_functions.getReportedComments","href":"db_comm_post_request_functions/getReportedComments.html","type":"function","overriddenDepth":0,"packageName":"friendzone_flutter","enclosedBy":{"name":"post_request_functions","type":"library"}},{"name":"getSignedUpUsers","qualifiedName":"post_request_functions.getSignedUpUsers","href":"db_comm_post_request_functions/getSignedUpUsers.html","type":"function","overriddenDepth":0,"packageName":"friendzone_flutter","enclosedBy":{"name":"post_request_functions","type":"library"}},{"name":"joinEvent","qualifiedName":"post_request_functions.joinEvent","href":"db_comm_post_request_functions/joinEvent.html","type":"function","overriddenDepth":0,"packageName":"friendzone_flutter","enclosedBy":{"name":"post_request_functions","type":"library"}},{"name":"leaveEvent","qualifiedName":"post_request_functions.leaveEvent","href":"db_comm_post_request_functions/leaveEvent.html","type":"function","overriddenDepth":0,"packageName":"friendzone_flutter","enclosedBy":{"name":"post_request_functions","type":"library"}},{"name":"register","qualifiedName":"post_request_functions.register","href":"db_comm_post_request_functions/register.html","type":"function","overriddenDepth":0,"packageName":"friendzone_flutter","enclosedBy":{"name":"post_request_functions","type":"library"}},{"name":"reportEvent","qualifiedName":"post_request_functions.reportEvent","href":"db_comm_post_request_functions/reportEvent.html","type":"function","overriddenDepth":0,"packageName":"friendzone_flutter","enclosedBy":{"name":"post_request_functions","type":"library"}},{"name":"updateEvent","qualifiedName":"post_request_functions.updateEvent","href":"db_comm_post_request_functions/updateEvent.html","type":"function","overriddenDepth":0,"packageName":"friendzone_flutter","enclosedBy":{"name":"post_request_functions","type":"library"}},{"name":"updateProfile","qualifiedName":"post_request_functions.updateProfile","href":"db_comm_post_request_functions/updateProfile.html","type":"function","overriddenDepth":0,"packageName":"friendzone_flutter","enclosedBy":{"name":"post_request_functions","type":"library"}},{"name":"profile","qualifiedName":"profile","href":"pages_profile_page_profile/pages_profile_page_profile-library.html","type":"library","overriddenDepth":0,"packageName":"friendzone_flutter"},{"name":"ProfilePage","qualifiedName":"profile.ProfilePage","href":"pages_profile_page_profile/ProfilePage-class.html","type":"class","overriddenDepth":0,"packageName":"friendzone_flutter","enclosedBy":{"name":"profile","type":"library"}},{"name":"ProfilePage","qualifiedName":"profile.ProfilePage.ProfilePage","href":"pages_profile_page_profile/ProfilePage/ProfilePage.html","type":"constructor","overriddenDepth":0,"packageName":"friendzone_flutter","enclosedBy":{"name":"ProfilePage","type":"class"}},{"name":"createState","qualifiedName":"profile.ProfilePage.createState","href":"pages_profile_page_profile/ProfilePage/createState.html","type":"method","overriddenDepth":1,"packageName":"friendzone_flutter","enclosedBy":{"name":"ProfilePage","type":"class"}},{"name":"email","qualifiedName":"profile.ProfilePage.email","href":"pages_profile_page_profile/ProfilePage/email.html","type":"property","overriddenDepth":0,"packageName":"friendzone_flutter","enclosedBy":{"name":"ProfilePage","type":"class"}},{"name":"owner","qualifiedName":"profile.ProfilePage.owner","href":"pages_profile_page_profile/ProfilePage/owner.html","type":"property","overriddenDepth":0,"packageName":"friendzone_flutter","enclosedBy":{"name":"ProfilePage","type":"class"}},{"name":"user","qualifiedName":"profile.ProfilePage.user","href":"pages_profile_page_profile/ProfilePage/user.html","type":"property","overriddenDepth":0,"packageName":"friendzone_flutter","enclosedBy":{"name":"ProfilePage","type":"class"}},{"name":"profile_edit","qualifiedName":"profile_edit","href":"pages_profile_page_profile_edit/pages_profile_page_profile_edit-library.html","type":"library","overriddenDepth":0,"packageName":"friendzone_flutter"},{"name":"ProfileEditPage","qualifiedName":"profile_edit.ProfileEditPage","href":"pages_profile_page_profile_edit/ProfileEditPage-class.html","type":"class","overriddenDepth":0,"packageName":"friendzone_flutter","enclosedBy":{"name":"profile_edit","type":"library"}},{"name":"ProfileEditPage","qualifiedName":"profile_edit.ProfileEditPage.ProfileEditPage","href":"pages_profile_page_profile_edit/ProfileEditPage/ProfileEditPage.html","type":"constructor","overriddenDepth":0,"packageName":"friendzone_flutter","enclosedBy":{"name":"ProfileEditPage","type":"class"}},{"name":"createState","qualifiedName":"profile_edit.ProfileEditPage.createState","href":"pages_profile_page_profile_edit/ProfileEditPage/createState.html","type":"method","overriddenDepth":1,"packageName":"friendzone_flutter","enclosedBy":{"name":"ProfileEditPage","type":"class"}},{"name":"ProfileEditPageState","qualifiedName":"profile_edit.ProfileEditPageState","href":"pages_profile_page_profile_edit/ProfileEditPageState-class.html","type":"class","overriddenDepth":0,"packageName":"friendzone_flutter","enclosedBy":{"name":"profile_edit","type":"library"}},{"name":"ProfileEditPageState","qualifiedName":"profile_edit.ProfileEditPageState.ProfileEditPageState","href":"pages_profile_page_profile_edit/ProfileEditPageState/ProfileEditPageState.html","type":"constructor","overriddenDepth":0,"packageName":"friendzone_flutter","enclosedBy":{"name":"ProfileEditPageState","type":"class"}},{"name":"build","qualifiedName":"profile_edit.ProfileEditPageState.build","href":"pages_profile_page_profile_edit/ProfileEditPageState/build.html","type":"method","overriddenDepth":1,"packageName":"friendzone_flutter","enclosedBy":{"name":"ProfileEditPageState","type":"class"}},{"name":"filter","qualifiedName":"profile_edit.ProfileEditPageState.filter","href":"pages_profile_page_profile_edit/ProfileEditPageState/filter.html","type":"property","overriddenDepth":0,"packageName":"friendzone_flutter","enclosedBy":{"name":"ProfileEditPageState","type":"class"}},{"name":"initState","qualifiedName":"profile_edit.ProfileEditPageState.initState","href":"pages_profile_page_profile_edit/ProfileEditPageState/initState.html","type":"method","overriddenDepth":1,"packageName":"friendzone_flutter","enclosedBy":{"name":"ProfileEditPageState","type":"class"}},{"name":"report_view","qualifiedName":"report_view","href":"pages_moderation_page_report_view/pages_moderation_page_report_view-library.html","type":"library","overriddenDepth":0,"packageName":"friendzone_flutter"},{"name":"ReportsPage","qualifiedName":"report_view.ReportsPage","href":"pages_moderation_page_report_view/ReportsPage-class.html","type":"class","overriddenDepth":0,"packageName":"friendzone_flutter","enclosedBy":{"name":"report_view","type":"library"}},{"name":"ReportsPage","qualifiedName":"report_view.ReportsPage.ReportsPage","href":"pages_moderation_page_report_view/ReportsPage/ReportsPage.html","type":"constructor","overriddenDepth":0,"packageName":"friendzone_flutter","enclosedBy":{"name":"ReportsPage","type":"class"}},{"name":"createState","qualifiedName":"report_view.ReportsPage.createState","href":"pages_moderation_page_report_view/ReportsPage/createState.html","type":"method","overriddenDepth":1,"packageName":"friendzone_flutter","enclosedBy":{"name":"ReportsPage","type":"class"}},{"name":"signup","qualifiedName":"signup","href":"pages_login_page_signup/pages_login_page_signup-library.html","type":"library","overriddenDepth":0,"packageName":"friendzone_flutter"},{"name":"SignUpPage","qualifiedName":"signup.SignUpPage","href":"pages_login_page_signup/SignUpPage-class.html","type":"class","overriddenDepth":0,"packageName":"friendzone_flutter","enclosedBy":{"name":"signup","type":"library"}},{"name":"SignUpPage","qualifiedName":"signup.SignUpPage.SignUpPage","href":"pages_login_page_signup/SignUpPage/SignUpPage.html","type":"constructor","overriddenDepth":0,"packageName":"friendzone_flutter","enclosedBy":{"name":"SignUpPage","type":"class"}},{"name":"createState","qualifiedName":"signup.SignUpPage.createState","href":"pages_login_page_signup/SignUpPage/createState.html","type":"method","overriddenDepth":1,"packageName":"friendzone_flutter","enclosedBy":{"name":"SignUpPage","type":"class"}}]
